pickup_date_as_day,num_rides
2001-01-01,2
2001-01-06,1
2002-12-31,1
2003-01-01,2
2003-01-14,3
2008-12-31,42
2009-01-01,327716
2009-01-02,376708
2009-01-03,432710
2009-01-04,367525
2009-01-05,370901
2009-01-06,427394
2009-01-07,371043
2009-01-08,477502
2009-01-09,520846
2009-01-10,483350
2009-01-11,405075
2009-01-12,414642
2009-01-13,442543
2009-01-14,489177
2009-01-15,486450
2009-01-16,535200
2009-01-17,511023
2009-01-18,419962
2009-01-19,352534
2009-01-20,433639
2009-01-21,478268
2009-01-22,498241
2009-01-23,519394
2009-01-24,547591
2009-01-25,460723
2009-01-26,434081
2009-01-27,471788
2009-01-28,455187
2009-01-29,503352
2009-01-30,538365
2009-01-31,539574
2009-02-01,429758
2009-02-02,403372
2009-02-03,452356
2009-02-04,356567
2009-02-05,535477
2009-02-06,546688
2009-02-07,513313
2009-02-08,425839
2009-02-09,406198
2009-02-10,445672
2009-02-11,463213
2009-02-12,510174
2009-02-13,549188
2009-02-14,539684
2009-02-15,451649
2009-02-16,391436
2009-02-17,450460
2009-02-18,487630
2009-02-19,507718
2009-02-20,561972
2009-02-21,522269
2009-02-22,445271
2009-02-23,455091
2009-02-24,487119
2009-02-25,487081
2009-02-26,500984
2009-02-27,526500
2009-02-28,527443
2009-03-01,431713
2009-03-02,327874
2009-03-03,472839
2009-03-04,488197
2009-03-05,427688
2009-03-06,527054
2009-03-07,491087
2009-03-08,409911
2009-03-09,406846
2009-03-10,475324
2009-03-11,484218
2009-03-12,529308
2009-03-13,552598
2009-03-14,515382
2009-03-15,418081
2009-03-16,376433
2009-03-17,461084
2009-03-18,450035
2009-03-19,496540
2009-03-20,520598
2009-03-21,501495
2009-03-22,418165
2009-03-23,419795
2009-03-24,454554
2009-03-25,470114
2009-03-26,515311
2009-03-27,514616
2009-03-28,513575
2009-03-29,428889
2009-03-30,427313
2009-03-31,460734
2009-04-01,387363
2009-04-02,496103
2009-04-03,539873
2009-04-04,534600
2009-04-05,441196
2009-04-06,446038
2009-04-07,490453
2009-04-08,486193
2009-04-09,476452
2009-04-10,475873
2009-04-11,487794
2009-04-12,406220
2009-04-13,415069
2009-04-14,482164
2009-04-15,493538
2009-04-16,520593
2009-04-17,528685
2009-04-18,521590
2009-04-19,438845
2009-04-20,478774
2009-04-21,467425
2009-04-22,499859
2009-04-23,519185
2009-04-24,526612
2009-04-25,513397
2009-04-26,445439
2009-04-27,295156
2009-04-28,470611
2009-04-29,492792
2009-04-30,516891
2009-05-01,536561
2009-05-02,510175
2009-05-03,460670
2009-05-04,462212
2009-05-05,517761
2009-05-06,517448
2009-05-07,523584
2009-05-08,526916
2009-05-09,501340
2009-05-10,422874
2009-05-11,435149
2009-05-12,472472
2009-05-13,502828
2009-05-14,532276
2009-05-15,534863
2009-05-16,526549
2009-05-17,456758
2009-05-18,467644
2009-05-19,493114
2009-05-20,504060
2009-05-21,517297
2009-05-22,495935
2009-05-23,403710
2009-05-24,349228
2009-05-25,264652
2009-05-26,444461
2009-05-27,479870
2009-05-28,519001
2009-05-29,523947
2009-05-30,483608
2009-05-31,409350
2009-06-01,363700
2009-06-02,471230
2009-06-03,505927
2009-06-04,521528
2009-06-05,551777
2009-06-06,461816
2009-06-07,419990
2009-06-08,384249
2009-06-09,481738
2009-06-10,509970
2009-06-11,527386
2009-06-12,530227
2009-06-13,485592
2009-06-14,398991
2009-06-15,435323
2009-06-16,476872
2009-06-17,506129
2009-06-18,534044
2009-06-19,520706
2009-06-20,490010
2009-06-21,403789
2009-06-22,417818
2009-06-23,471939
2009-06-24,497137
2009-06-25,516361
2009-06-26,522070
2009-06-27,472617
2009-06-28,413174
2009-06-29,431104
2009-06-30,461035
2009-07-01,397418
2009-07-02,459217
2009-07-03,361917
2009-07-04,302128
2009-07-05,295276
2009-07-06,359351
2009-07-07,418571
2009-07-08,450549
2009-07-09,487036
2009-07-10,481219
2009-07-11,442918
2009-07-12,378248
2009-07-13,397304
2009-07-14,452898
2009-07-15,485261
2009-07-16,499082
2009-07-17,516428
2009-07-18,438883
2009-07-19,391429
2009-07-20,410911
2009-07-21,477807
2009-07-22,486132
2009-07-23,502592
2009-07-24,489946
2009-07-25,449643
2009-07-26,410245
2009-07-27,421588
2009-07-28,469610
2009-07-29,489150
2009-07-30,505321
2009-07-31,498025
2009-08-01,438823
2009-08-02,394197
2009-08-03,417427
2009-08-04,465754
2009-08-05,487787
2009-08-06,492732
2009-08-07,485827
2009-08-08,418264
2009-08-09,365236
2009-08-10,417641
2009-08-11,457720
2009-08-12,465546
2009-08-13,492965
2009-08-14,492042
2009-08-15,443105
2009-08-16,401117
2009-08-17,419795
2009-08-18,464610
2009-08-19,471242
2009-08-20,498510
2009-08-21,486161
2009-08-22,420738
2009-08-23,374497
2009-08-24,382999
2009-08-25,426678
2009-08-26,462314
2009-08-27,466090
2009-08-28,491592
2009-08-29,424371
2009-08-30,381672
2009-08-31,379068
2009-09-01,415946
2009-09-02,439318
2009-09-03,457529
2009-09-04,448732
2009-09-05,393872
2009-09-06,347952
2009-09-07,314305
2009-09-08,431868
2009-09-09,488771
2009-09-10,530388
2009-09-11,549753
2009-09-12,519468
2009-09-13,459030
2009-09-14,463118
2009-09-15,500932
2009-09-16,521234
2009-09-17,535162
2009-09-18,532709
2009-09-19,492744
2009-09-20,413176
2009-09-21,432885
2009-09-22,453612
2009-09-23,470106
2009-09-24,494359
2009-09-25,534164
2009-09-26,535047
2009-09-27,452024
2009-09-28,393072
2009-09-29,459106
2009-09-30,504505
2009-10-01,523009
2009-10-02,547031
2009-10-03,522853
2009-10-04,436158
2009-10-05,439893
2009-10-06,476496
2009-10-07,502680
2009-10-08,526548
2009-10-09,545705
2009-10-10,541761
2009-10-11,463646
2009-10-12,412750
2009-10-13,481219
2009-10-14,510052
2009-10-15,533333
2009-10-16,550645
2009-10-17,541136
2009-10-18,472394
2009-10-19,452765
2009-10-20,473346
2009-10-21,503957
2009-10-22,527704
2009-10-23,560164
2009-10-24,541727
2009-10-25,447544
2009-10-26,448371
2009-10-27,489586
2009-10-28,512175
2009-10-29,523549
2009-10-30,553500
2009-10-31,542854
2009-11-01,482402
2009-11-02,453816
2009-11-03,473233
2009-11-04,503664
2009-11-05,541229
2009-11-06,545020
2009-11-07,540723
2009-11-08,447257
2009-11-09,437656
2009-11-10,476906
2009-11-11,485349
2009-11-12,533748
2009-11-13,552893
2009-11-14,541479
2009-11-15,440872
2009-11-16,441757
2009-11-17,476922
2009-11-18,504612
2009-11-19,531206
2009-11-20,553471
2009-11-21,538366
2009-11-22,451511
2009-11-23,445075
2009-11-24,474969
2009-11-25,470537
2009-11-26,309751
2009-11-27,354945
2009-11-28,423285
2009-11-29,392146
2009-11-30,450539
2009-12-01,486874
2009-12-02,504100
2009-12-03,533216
2009-12-04,561295
2009-12-05,576771
2009-12-06,454212
2009-12-07,468013
2009-12-08,504885
2009-12-09,518683
2009-12-10,557444
2009-12-11,596882
2009-12-12,563707
2009-12-13,485447
2009-12-14,467920
2009-12-15,508401
2009-12-16,546710
2009-12-17,566530
2009-12-18,581923
2009-12-19,488811
2009-12-20,312230
2009-12-21,425440
2009-12-22,455090
2009-12-23,456094
2009-12-24,382635
2009-12-25,233221
2009-12-26,320616
2009-12-27,312947
2009-12-28,375455
2009-12-29,447016
2009-12-30,429635
2009-12-31,461201
2010-01-01,401856
2010-01-02,410622
2010-01-03,389569
2010-01-04,399321
2010-01-05,445264
2010-01-06,469031
2010-01-07,492712
2010-01-08,531514
2010-01-09,531631
2010-01-10,445633
2010-01-11,448008
2010-01-12,493653
2010-01-13,502507
2010-01-14,507953
2010-01-15,523563
2010-01-16,491605
2010-01-17,476224
2010-01-18,361559
2010-01-19,448269
2010-01-20,486585
2010-01-21,513279
2010-01-22,546611
2010-01-23,542821
2010-01-24,448901
2010-01-25,424596
2010-01-26,469316
2010-01-27,495576
2010-01-28,530114
2010-01-29,587602
2010-01-30,578675
2010-01-31,469208
2010-02-01,201916
2010-02-02,220006
2010-02-03,224521
2010-02-04,235707
2010-02-05,243352
2010-02-06,234441
2010-02-07,210153
2010-02-08,419895
2010-02-09,453579
2010-02-10,258603
2010-02-11,455701
2010-02-12,512750
2010-02-13,535211
2010-02-14,488688
2010-02-15,411343
2010-02-16,455410
2010-02-17,484534
2010-02-18,500656
2010-02-19,525498
2010-02-20,510832
2010-02-21,435752
2010-02-22,426640
2010-02-23,497569
2010-02-24,482422
2010-02-25,456224
2010-02-26,345427
2010-02-27,485285
2010-02-28,433294
2010-03-01,198371
2010-03-02,216609
2010-03-03,232270
2010-03-04,235837
2010-03-05,250230
2010-03-06,243687
2010-03-07,208791
2010-03-08,424772
2010-03-09,452754
2010-03-10,475303
2010-03-11,508406
2010-03-12,534341
2010-03-13,559794
2010-03-14,406596
2010-03-15,435158
2010-03-16,456307
2010-03-17,472238
2010-03-18,514325
2010-03-19,512296
2010-03-20,508270
2010-03-21,437847
2010-03-22,428910
2010-03-23,443601
2010-03-24,454212
2010-03-25,481555
2010-03-26,526238
2010-03-27,510637
2010-03-28,437911
2010-03-29,408268
2010-03-30,457378
2010-03-31,451450
2010-04-01,510659
2010-04-02,515360
2010-04-03,495758
2010-04-04,404242
2010-04-05,420822
2010-04-06,473454
2010-04-07,509071
2010-04-08,531731
2010-04-09,567817
2010-04-10,542110
2010-04-11,449570
2010-04-12,441135
2010-04-13,492310
2010-04-14,503936
2010-04-15,537625
2010-04-16,576664
2010-04-17,539234
2010-04-18,461085
2010-04-19,451630
2010-04-20,495674
2010-04-21,518621
2010-04-22,529447
2010-04-23,551788
2010-04-24,533578
2010-04-25,484002
2010-04-26,487847
2010-04-27,507853
2010-04-28,526081
2010-04-29,533131
2010-04-30,552755
2010-05-01,544422
2010-05-02,461661
2010-05-03,468707
2010-05-04,496771
2010-05-05,528082
2010-05-06,552370
2010-05-07,545691
2010-05-08,543307
2010-05-09,468081
2010-05-10,474256
2010-05-11,512233
2010-05-12,541377
2010-05-13,536206
2010-05-14,570623
2010-05-15,550161
2010-05-16,473295
2010-05-17,482229
2010-05-18,526103
2010-05-19,523461
2010-05-20,539039
2010-05-21,561154
2010-05-22,532922
2010-05-23,445304
2010-05-24,467651
2010-05-25,503947
2010-05-26,525366
2010-05-27,531817
2010-05-28,499459
2010-05-29,409711
2010-05-30,355716
2010-05-31,310229
2010-06-01,433681
2010-06-02,474038
2010-06-03,506735
2010-06-04,516573
2010-06-05,497157
2010-06-06,447969
2010-06-07,465654
2010-06-08,504854
2010-06-09,532750
2010-06-10,527746
2010-06-11,540940
2010-06-12,508356
2010-06-13,410888
2010-06-14,452676
2010-06-15,494131
2010-06-16,516317
2010-06-17,532605
2010-06-18,540185
2010-06-19,494356
2010-06-20,431055
2010-06-21,457086
2010-06-22,501250
2010-06-23,524328
2010-06-24,546239
2010-06-25,541371
2010-06-26,515068
2010-06-27,442750
2010-06-28,476576
2010-06-29,496467
2010-06-30,495327
2010-07-01,493201
2010-07-02,446040
2010-07-03,351487
2010-07-04,303313
2010-07-05,316785
2010-07-06,455568
2010-07-07,492915
2010-07-08,507550
2010-07-09,508297
2010-07-10,463176
2010-07-11,439969
2010-07-12,459276
2010-07-13,522877
2010-07-14,548511
2010-07-15,555926
2010-07-16,571536
2010-07-17,522006
2010-07-18,431035
2010-07-19,434331
2010-07-20,465401
2010-07-21,488716
2010-07-22,495318
2010-07-23,506913
2010-07-24,476456
2010-07-25,425807
2010-07-26,478563
2010-07-27,485574
2010-07-28,495848
2010-07-29,525544
2010-07-30,518741
2010-07-31,469839
2010-08-01,393123
2010-08-02,213012
2010-08-03,237940
2010-08-04,253133
2010-08-05,374682
2010-08-06,443277
2010-08-07,431579
2010-08-08,380533
2010-08-09,399063
2010-08-10,439757
2010-08-11,460682
2010-08-12,468309
2010-08-13,464743
2010-08-14,422275
2010-08-15,390628
2010-08-16,400649
2010-08-17,439713
2010-08-18,447950
2010-08-19,471834
2010-08-20,459208
2010-08-21,413643
2010-08-22,378033
2010-08-23,386820
2010-08-24,411233
2010-08-25,450101
2010-08-26,448597
2010-08-27,449620
2010-08-28,415753
2010-08-29,382325
2010-08-30,374881
2010-08-31,425081
2010-09-01,450430
2010-09-02,460210
2010-09-03,442044
2010-09-04,396123
2010-09-05,358956
2010-09-06,313522
2010-09-07,425314
2010-09-08,459918
2010-09-09,466722
2010-09-10,445620
2010-09-11,487246
2010-09-12,446776
2010-09-13,443251
2010-09-14,478690
2010-09-15,500102
2010-09-16,480089
2010-09-17,512409
2010-09-18,487462
2010-09-19,849414
2010-09-20,611543
2010-09-21,647329
2010-09-22,678683
2010-09-23,679298
2010-09-24,725850
2010-09-25,763954
2010-09-26,659536
2010-09-27,431238
2010-09-28,462463
2010-09-29,479392
2010-09-30,496663
2010-10-01,238654
2010-10-02,243227
2010-10-03,210638
2010-10-04,437478
2010-10-05,457320
2010-10-06,478150
2010-10-07,500079
2010-10-08,504352
2010-10-09,517193
2010-10-10,450096
2010-10-11,407946
2010-10-12,458975
2010-10-13,475721
2010-10-14,483217
2010-10-15,519133
2010-10-16,527770
2010-10-17,458957
2010-10-18,437508
2010-10-19,463863
2010-10-20,494298
2010-10-21,514747
2010-10-22,526895
2010-10-23,520336
2010-10-24,449067
2010-10-25,430755
2010-10-26,464447
2010-10-27,481165
2010-10-28,502133
2010-10-29,530378
2010-10-30,538906
2010-10-31,476203
2010-11-01,469959
2010-11-02,467600
2010-11-03,489993
2010-11-04,503474
2010-11-05,518384
2010-11-06,533472
2010-11-07,463361
2010-11-08,449663
2010-11-09,463095
2010-11-10,485536
2010-11-11,488502
2010-11-12,516791
2010-11-13,524168
2010-11-14,459664
2010-11-15,437409
2010-11-16,451557
2010-11-17,471097
2010-11-18,503964
2010-11-19,533366
2010-11-20,531685
2010-11-21,455695
2010-11-22,426384
2010-11-23,459034
2010-11-24,460056
2010-11-25,321817
2010-11-26,351076
2010-11-27,419877
2010-11-28,389040
2010-11-29,419082
2010-11-30,447509
2010-12-01,487760
2010-12-02,507371
2010-12-03,535199
2010-12-04,544471
2010-12-05,476614
2010-12-06,468980
2010-12-07,496863
2010-12-08,509366
2010-12-09,530098
2010-12-10,540916
2010-12-11,531754
2010-12-12,462970
2010-12-13,469412
2010-12-14,508713
2010-12-15,522687
2010-12-16,531076
2010-12-17,549697
2010-12-18,536073
2010-12-19,475509
2010-12-20,464187
2010-12-21,487812
2010-12-22,485123
2010-12-23,459871
2010-12-24,361296
2010-12-25,226051
2010-12-26,193529
2010-12-27,72025
2010-12-28,247546
2010-12-29,332715
2010-12-30,372902
2010-12-31,430727
2011-01-01,183030
2011-01-02,158706
2011-01-03,374927
2011-01-04,407012
2011-01-05,439070
2011-01-06,476390
2011-01-07,486988
2011-01-08,500272
2011-01-09,451117
2011-01-10,449946
2011-01-11,471811
2011-01-12,361127
2011-01-13,488565
2011-01-14,512868
2011-01-15,485503
2011-01-16,446699
2011-01-17,386391
2011-01-18,442217
2011-01-19,477235
2011-01-20,501964
2011-01-21,504589
2011-01-22,541375
2011-01-23,469484
2011-01-24,443065
2011-01-25,451381
2011-01-26,410620
2011-01-27,315655
2011-01-28,450996
2011-01-29,508017
2011-01-30,443204
2011-01-31,424772
2011-02-01,450558
2011-02-02,444931
2011-02-03,497558
2011-02-04,523507
2011-02-05,543523
2011-02-06,451016
2011-02-07,442577
2011-02-08,495221
2011-02-09,522735
2011-02-10,541334
2011-02-11,568193
2011-02-12,592896
2011-02-13,494049
2011-02-14,499431
2011-02-15,534436
2011-02-16,518097
2011-02-17,520081
2011-02-18,536865
2011-02-19,573781
2011-02-20,481920
2011-02-21,416751
2011-02-22,484791
2011-02-23,506407
2011-02-24,526787
2011-02-25,565914
2011-02-26,552910
2011-02-27,461969
2011-02-28,454571
2011-03-01,498985
2011-03-02,531705
2011-03-03,555658
2011-03-04,576062
2011-03-05,562352
2011-03-06,502110
2011-03-07,479212
2011-03-08,511207
2011-03-09,537897
2011-03-10,541403
2011-03-11,557379
2011-03-12,565030
2011-03-13,464156
2011-03-14,459835
2011-03-15,507174
2011-03-16,520115
2011-03-17,514167
2011-03-18,574200
2011-03-19,568994
2011-03-20,485327
2011-03-21,456000
2011-03-22,483775
2011-03-23,522281
2011-03-24,529221
2011-03-25,557701
2011-03-26,558896
2011-03-27,466137
2011-03-28,443179
2011-03-29,490832
2011-03-30,504851
2011-03-31,540509
2011-04-01,288633
2011-04-02,278780
2011-04-03,240633
2011-04-04,458737
2011-04-05,525459
2011-04-06,515766
2011-04-07,541474
2011-04-08,564808
2011-04-09,548386
2011-04-10,474893
2011-04-11,467738
2011-04-12,524355
2011-04-13,531832
2011-04-14,532820
2011-04-15,571983
2011-04-16,576321
2011-04-17,458907
2011-04-18,456631
2011-04-19,496251
2011-04-20,517462
2011-04-21,534263
2011-04-22,542235
2011-04-23,513729
2011-04-24,440867
2011-04-25,454325
2011-04-26,503392
2011-04-27,513133
2011-04-28,540910
2011-04-29,562436
2011-04-30,541814
2011-05-01,473899
2011-05-02,479236
2011-05-03,503275
2011-05-04,539514
2011-05-05,541380
2011-05-06,561132
2011-05-07,528998
2011-05-08,448546
2011-05-09,460656
2011-05-10,509305
2011-05-11,520892
2011-05-12,539772
2011-05-13,562697
2011-05-14,557750
2011-05-15,481463
2011-05-16,493934
2011-05-17,532811
2011-05-18,519183
2011-05-19,539842
2011-05-20,554476
2011-05-21,539651
2011-05-22,484602
2011-05-23,474504
2011-05-24,510123
2011-05-25,518432
2011-05-26,520040
2011-05-27,508026
2011-05-28,443284
2011-05-29,393415
2011-05-30,351394
2011-05-31,462636
2011-06-01,514961
2011-06-02,525586
2011-06-03,537879
2011-06-04,521288
2011-06-05,447307
2011-06-06,477033
2011-06-07,521681
2011-06-08,543169
2011-06-09,545633
2011-06-10,542323
2011-06-11,536703
2011-06-12,434022
2011-06-13,466033
2011-06-14,498734
2011-06-15,513931
2011-06-16,536628
2011-06-17,529061
2011-06-18,517492
2011-06-19,442999
2011-06-20,457009
2011-06-21,496175
2011-06-22,519225
2011-06-23,523643
2011-06-24,538492
2011-06-25,512753
2011-06-26,439888
2011-06-27,456836
2011-06-28,490144
2011-06-29,504271
2011-06-30,506962
2011-07-01,476534
2011-07-02,381582
2011-07-03,331272
2011-07-04,310280
2011-07-05,424741
2011-07-06,470577
2011-07-07,505784
2011-07-08,519585
2011-07-09,479097
2011-07-10,433359
2011-07-11,451373
2011-07-12,502464
2011-07-13,507784
2011-07-14,518011
2011-07-15,529274
2011-07-16,499358
2011-07-17,449374
2011-07-18,469451
2011-07-19,494873
2011-07-20,508813
2011-07-21,549537
2011-07-22,554099
2011-07-23,515998
2011-07-24,451457
2011-07-25,450257
2011-07-26,483496
2011-07-27,497998
2011-07-28,518406
2011-07-29,525334
2011-07-30,487922
2011-07-31,444471
2011-08-01,453134
2011-08-02,489837
2011-08-03,514042
2011-08-04,501436
2011-08-05,513817
2011-08-06,482363
2011-08-07,418949
2011-08-08,431148
2011-08-09,466284
2011-08-10,487146
2011-08-11,500648
2011-08-12,504845
2011-08-13,469428
2011-08-14,222035
2011-08-15,428099
2011-08-16,471369
2011-08-17,488697
2011-08-18,504280
2011-08-19,496141
2011-08-20,450004
2011-08-21,228315
2011-08-22,403936
2011-08-23,443809
2011-08-24,467486
2011-08-25,488317
2011-08-26,487789
2011-08-27,208398
2011-08-28,29028
2011-08-29,334767
2011-08-30,414473
2011-08-31,462421
2011-09-01,480158
2011-09-02,485219
2011-09-03,456817
2011-09-04,415971
2011-09-05,357241
2011-09-06,465645
2011-09-07,499146
2011-09-08,522590
2011-09-09,502873
2011-09-10,527145
2011-09-11,456827
2011-09-12,463483
2011-09-13,508386
2011-09-14,526982
2011-09-15,525471
2011-09-16,539618
2011-09-17,551476
2011-09-18,476211
2011-09-19,446868
2011-09-20,453379
2011-09-21,463695
2011-09-22,501147
2011-09-23,509316
2011-09-24,541956
2011-09-25,469903
2011-09-26,458222
2011-09-27,492595
2011-09-28,499160
2011-09-29,494529
2011-09-30,534719
2011-10-01,537727
2011-10-02,456650
2011-10-03,462818
2011-10-04,487802
2011-10-05,510158
2011-10-06,530851
2011-10-07,539301
2011-10-08,532627
2011-10-09,472750
2011-10-10,418498
2011-10-11,481431
2011-10-12,516334
2011-10-13,535782
2011-10-14,547146
2011-10-15,559275
2011-10-16,486136
2011-10-17,460319
2011-10-18,494946
2011-10-19,496719
2011-10-20,520448
2011-10-21,552267
2011-10-22,551842
2011-10-23,480998
2011-10-24,467990
2011-10-25,495859
2011-10-26,512056
2011-10-27,523077
2011-10-28,546441
2011-10-29,587917
2011-10-30,487256
2011-10-31,454335
2011-11-01,517114
2011-11-02,502914
2011-11-03,529937
2011-11-04,556386
2011-11-05,564543
2011-11-06,442365
2011-11-07,459814
2011-11-08,494495
2011-11-09,513958
2011-11-10,528337
2011-11-11,533314
2011-11-12,532126
2011-11-13,462245
2011-11-14,460380
2011-11-15,491805
2011-11-16,498245
2011-11-17,530615
2011-11-18,546783
2011-11-19,555001
2011-11-20,464152
2011-11-21,457008
2011-11-22,468358
2011-11-23,472771
2011-11-24,328093
2011-11-25,367964
2011-11-26,434662
2011-11-27,409997
2011-11-28,431356
2011-11-29,475305
2011-11-30,495819
2011-12-01,523721
2011-12-02,553089
2011-12-03,560424
2011-12-04,476963
2011-12-05,467200
2011-12-06,485597
2011-12-07,505162
2011-12-08,527344
2011-12-09,553727
2011-12-10,568840
2011-12-11,488680
2011-12-12,477049
2011-12-13,511172
2011-12-14,509526
2011-12-15,540584
2011-12-16,570671
2011-12-17,565656
2011-12-18,508621
2011-12-19,474652
2011-12-20,497404
2011-12-21,503978
2011-12-22,495837
2011-12-23,474183
2011-12-24,373366
2011-12-25,231895
2011-12-26,288572
2011-12-27,377571
2011-12-28,415381
2011-12-29,457167
2011-12-30,465202
2011-12-31,476749
2012-01-01,212782
2012-01-02,341383
2012-01-03,438459
2012-01-04,473988
2012-01-05,488687
2012-01-06,511891
2012-01-07,524583
2012-01-08,463563
2012-01-09,439369
2012-01-10,471469
2012-01-11,493716
2012-01-12,514149
2012-01-13,557470
2012-01-14,545057
2012-01-15,518708
2012-01-16,418762
2012-01-17,488425
2012-01-18,518452
2012-01-19,528313
2012-01-20,566619
2012-01-21,522087
2012-01-22,468849
2012-01-23,444752
2012-01-24,471702
2012-01-25,508498
2012-01-26,534698
2012-01-27,549222
2012-01-28,554706
2012-01-29,467885
2012-01-30,453891
2012-01-31,476997
2012-02-01,497863
2012-02-02,536346
2012-02-03,562768
2012-02-04,547815
2012-02-05,477174
2012-02-06,466666
2012-02-07,485974
2012-02-08,522019
2012-02-09,541616
2012-02-10,577540
2012-02-11,589609
2012-02-12,514642
2012-02-13,491284
2012-02-14,531883
2012-02-15,541026
2012-02-16,542061
2012-02-17,544931
2012-02-18,538830
2012-02-19,476508
2012-02-20,420026
2012-02-21,473859
2012-02-22,498686
2012-02-23,527637
2012-02-24,560829
2012-02-25,574939
2012-02-26,469136
2012-02-27,444577
2012-02-28,495127
2012-02-29,532150
2012-03-01,526559
2012-03-02,578422
2012-03-03,557669
2012-03-04,485995
2012-03-05,482835
2012-03-06,515123
2012-03-07,526420
2012-03-08,547572
2012-03-09,583989
2012-03-10,584033
2012-03-11,462052
2012-03-12,451512
2012-03-13,492437
2012-03-14,514429
2012-03-15,551806
2012-03-16,563313
2012-03-17,559115
2012-03-18,459165
2012-03-19,436371
2012-03-20,476880
2012-03-21,507290
2012-03-22,530119
2012-03-23,560953
2012-03-24,553807
2012-03-25,470596
2012-03-26,475909
2012-03-27,498887
2012-03-28,511830
2012-03-29,536892
2012-03-30,562970
2012-03-31,581973
2012-04-01,496473
2012-04-02,480469
2012-04-03,506070
2012-04-04,530029
2012-04-05,546036
2012-04-06,544558
2012-04-07,490369
2012-04-08,417649
2012-04-09,452039
2012-04-10,501356
2012-04-11,524150
2012-04-12,540816
2012-04-13,555592
2012-04-14,564375
2012-04-15,474317
2012-04-16,465719
2012-04-17,497401
2012-04-18,531419
2012-04-19,541848
2012-04-20,560298
2012-04-21,556334
2012-04-22,520997
2012-04-23,491285
2012-04-24,518015
2012-04-25,530067
2012-04-26,542983
2012-04-27,563439
2012-04-28,565317
2012-04-29,487666
2012-04-30,480828
2012-05-01,497454
2012-05-02,528684
2012-05-03,541753
2012-05-04,559049
2012-05-05,574848
2012-05-06,484619
2012-05-07,487444
2012-05-08,515755
2012-05-09,533649
2012-05-10,540397
2012-05-11,550503
2012-05-12,546882
2012-05-13,465843
2012-05-14,471847
2012-05-15,506311
2012-05-16,526910
2012-05-17,536736
2012-05-18,551151
2012-05-19,527801
2012-05-20,473153
2012-05-21,483365
2012-05-22,503924
2012-05-23,516313
2012-05-24,507997
2012-05-25,497131
2012-05-26,436846
2012-05-27,378333
2012-05-28,342774
2012-05-29,471925
2012-05-30,496986
2012-05-31,511142
2012-06-01,548802
2012-06-02,513101
2012-06-03,452251
2012-06-04,477167
2012-06-05,511597
2012-06-06,523262
2012-06-07,538013
2012-06-08,545823
2012-06-09,523509
2012-06-10,441048
2012-06-11,469554
2012-06-12,508298
2012-06-13,521020
2012-06-14,528608
2012-06-15,537602
2012-06-16,507227
2012-06-17,436561
2012-06-18,454274
2012-06-19,496826
2012-06-20,531734
2012-06-21,550983
2012-06-22,546016
2012-06-23,508957
2012-06-24,444539
2012-06-25,456040
2012-06-26,485211
2012-06-27,507550
2012-06-28,517788
2012-06-29,532261
2012-06-30,480846
2012-07-01,424112
2012-07-02,409243
2012-07-03,449319
2012-07-04,379565
2012-07-05,420664
2012-07-06,437348
2012-07-07,423072
2012-07-08,392852
2012-07-09,431480
2012-07-10,475189
2012-07-11,506013
2012-07-12,515258
2012-07-13,528210
2012-07-14,484527
2012-07-15,446608
2012-07-16,455194
2012-07-17,502991
2012-07-18,492858
2012-07-19,510436
2012-07-20,514343
2012-07-21,470690
2012-07-22,425024
2012-07-23,456713
2012-07-24,494027
2012-07-25,499743
2012-07-26,514587
2012-07-27,514026
2012-07-28,482502
2012-07-29,418627
2012-07-30,436752
2012-07-31,467334
2012-08-01,473879
2012-08-02,511701
2012-08-03,522304
2012-08-04,482992
2012-08-05,434836
2012-08-06,438462
2012-08-07,467911
2012-08-08,491155
2012-08-09,512109
2012-08-10,512631
2012-08-11,463899
2012-08-12,403362
2012-08-13,417636
2012-08-14,462678
2012-08-15,477867
2012-08-16,497924
2012-08-17,507548
2012-08-18,463511
2012-08-19,388379
2012-08-20,412445
2012-08-21,452692
2012-08-22,470301
2012-08-23,491305
2012-08-24,487594
2012-08-25,456603
2012-08-26,402829
2012-08-27,409874
2012-08-28,452675
2012-08-29,460015
2012-08-30,475770
2012-08-31,478865
2012-09-01,441713
2012-09-02,388703
2012-09-03,347615
2012-09-04,456512
2012-09-05,501150
2012-09-06,529502
2012-09-07,566505
2012-09-08,558611
2012-09-09,485531
2012-09-10,468765
2012-09-11,491633
2012-09-12,505646
2012-09-13,526475
2012-09-14,541363
2012-09-15,530859
2012-09-16,452545
2012-09-17,399464
2012-09-18,457179
2012-09-19,504883
2012-09-20,527113
2012-09-21,533328
2012-09-22,544721
2012-09-23,461109
2012-09-24,420333
2012-09-25,435286
2012-09-26,440115
2012-09-27,492045
2012-09-28,518681
2012-09-29,547796
2012-09-30,471676
2012-10-01,440313
2012-10-02,483814
2012-10-03,499493
2012-10-04,526930
2012-10-05,536824
2012-10-06,545955
2012-10-07,475409
2012-10-08,404474
2012-10-09,479261
2012-10-10,500107
2012-10-11,521018
2012-10-12,556519
2012-10-13,547776
2012-10-14,462850
2012-10-15,454171
2012-10-16,490846
2012-10-17,504137
2012-10-18,517804
2012-10-19,547098
2012-10-20,535041
2012-10-21,472616
2012-10-22,447455
2012-10-23,490505
2012-10-24,508006
2012-10-25,522739
2012-10-26,499439
2012-10-27,536484
2012-10-28,430478
2012-10-29,113808
2012-10-30,181706
2012-10-31,289239
2012-11-01,335121
2012-11-02,321535
2012-11-03,439274
2012-11-04,434019
2012-11-05,420930
2012-11-06,450531
2012-11-07,443551
2012-11-08,486267
2012-11-09,530408
2012-11-10,553368
2012-11-11,473452
2012-11-12,427400
2012-11-13,488583
2012-11-14,491671
2012-11-15,515282
2012-11-16,537113
2012-11-17,547382
2012-11-18,466313
2012-11-19,450665
2012-11-20,471370
2012-11-21,467989
2012-11-22,328991
2012-11-23,369154
2012-11-24,441814
2012-11-25,413434
2012-11-26,436770
2012-11-27,477516
2012-11-28,495403
2012-11-29,519636
2012-11-30,541088
2012-12-01,569805
2012-12-02,484310
2012-12-03,453814
2012-12-04,485435
2012-12-05,513344
2012-12-06,519812
2012-12-07,530731
2012-12-08,548773
2012-12-09,487840
2012-12-10,450641
2012-12-11,495098
2012-12-12,516441
2012-12-13,538635
2012-12-14,565711
2012-12-15,555458
2012-12-16,485255
2012-12-17,476358
2012-12-18,501700
2012-12-19,520247
2012-12-20,531204
2012-12-21,538664
2012-12-22,482527
2012-12-23,368789
2012-12-24,344594
2012-12-25,227615
2012-12-26,347026
2012-12-27,401642
2012-12-28,431556
2012-12-29,442861
2012-12-30,426739
2012-12-31,453958
2013-01-01,412630
2013-01-02,393001
2013-01-03,441233
2013-01-04,478437
2013-01-05,473804
2013-01-06,403667
2013-01-07,407363
2013-01-08,441778
2013-01-09,457471
2013-01-10,487949
2013-01-11,521398
2013-01-12,507429
2013-01-13,442541
2013-01-14,443650
2013-01-15,496899
2013-01-16,500065
2013-01-17,512533
2013-01-18,543734
2013-01-19,510530
2013-01-20,459393
2013-01-21,384614
2013-01-22,496005
2013-01-23,520520
2013-01-24,533039
2013-01-25,537188
2013-01-26,557203
2013-01-27,470833
2013-01-28,450789
2013-01-29,477380
2013-01-30,482378
2013-01-31,531161
2013-02-01,567076
2013-02-02,569777
2013-02-03,472623
2013-02-04,457093
2013-02-05,482637
2013-02-06,506443
2013-02-07,535105
2013-02-08,432643
2013-02-09,392006
2013-02-10,459612
2013-02-11,458947
2013-02-12,503963
2013-02-13,524250
2013-02-14,527476
2013-02-15,537129
2013-02-16,542291
2013-02-17,506209
2013-02-18,407104
2013-02-19,456383
2013-02-20,512507
2013-02-21,538079
2013-02-22,558738
2013-02-23,584812
2013-02-24,474783
2013-02-25,451955
2013-02-26,496612
2013-02-27,509033
2013-02-28,524890
2013-03-01,564492
2013-03-02,584654
2013-03-03,493312
2013-03-04,466591
2013-03-05,493815
2013-03-06,518309
2013-03-07,538316
2013-03-08,545587
2013-03-09,562200
2013-03-10,468337
2013-03-11,451483
2013-03-12,494922
2013-03-13,514843
2013-03-14,552660
2013-03-15,559360
2013-03-16,574056
2013-03-17,493734
2013-03-18,458062
2013-03-19,477028
2013-03-20,493779
2013-03-21,505003
2013-03-22,548247
2013-03-23,553332
2013-03-24,468001
2013-03-25,438928
2013-03-26,460401
2013-03-27,486853
2013-03-28,512225
2013-03-29,519004
2013-03-30,504537
2013-03-31,447157
2013-04-01,428997
2013-04-02,495549
2013-04-03,513864
2013-04-04,532590
2013-04-05,554436
2013-04-06,533177
2013-04-07,461165
2013-04-08,440520
2013-04-09,477161
2013-04-10,503211
2013-04-11,525206
2013-04-12,564860
2013-04-13,555218
2013-04-14,485706
2013-04-15,461076
2013-04-16,481130
2013-04-17,501840
2013-04-18,526055
2013-04-19,544060
2013-04-20,570929
2013-04-21,483324
2013-04-22,457622
2013-04-23,498802
2013-04-24,500551
2013-04-25,518574
2013-04-26,539015
2013-04-27,538317
2013-04-28,467900
2013-04-29,459114
2013-04-30,480499
2013-05-01,496654
2013-05-02,523150
2013-05-03,550959
2013-05-04,554561
2013-05-05,488396
2013-05-06,468128
2013-05-07,490805
2013-05-08,509311
2013-05-09,526752
2013-05-10,538311
2013-05-11,540132
2013-05-12,461193
2013-05-13,460124
2013-05-14,490347
2013-05-15,508359
2013-05-16,528160
2013-05-17,533823
2013-05-18,535926
2013-05-19,489710
2013-05-20,466778
2013-05-21,499524
2013-05-22,502907
2013-05-23,492055
2013-05-24,493125
2013-05-25,453460
2013-05-26,384516
2013-05-27,336266
2013-05-28,445789
2013-05-29,479913
2013-05-30,510309
2013-05-31,525606
2013-06-01,533686
2013-06-02,451758
2013-06-03,452843
2013-06-04,477247
2013-06-05,497525
2013-06-06,515390
2013-06-07,532092
2013-06-08,489509
2013-06-09,441053
2013-06-10,461167
2013-06-11,473608
2013-06-12,486639
2013-06-13,519795
2013-06-14,507938
2013-06-15,495600
2013-06-16,421987
2013-06-17,437845
2013-06-18,467426
2013-06-19,489915
2013-06-20,499545
2013-06-21,505615
2013-06-22,474408
2013-06-23,436668
2013-06-24,437610
2013-06-25,470671
2013-06-26,487692
2013-06-27,504877
2013-06-28,506807
2013-06-29,490613
2013-06-30,417927
2013-07-01,422480
2013-07-02,442300
2013-07-03,435265
2013-07-04,326471
2013-07-05,353054
2013-07-06,355218
2013-07-07,358766
2013-07-08,413838
2013-07-09,458674
2013-07-10,474780
2013-07-11,495023
2013-07-12,507426
2013-07-13,468743
2013-07-14,435797
2013-07-15,443449
2013-07-16,466846
2013-07-17,496511
2013-07-18,513766
2013-07-19,515946
2013-07-20,485994
2013-07-21,414532
2013-07-22,440457
2013-07-23,465257
2013-07-24,476404
2013-07-25,487993
2013-07-26,483652
2013-07-27,457849
2013-07-28,415239
2013-07-29,409210
2013-07-30,443487
2013-07-31,459413
2013-08-01,307272
2013-08-02,236761
2013-08-03,226554
2013-08-04,202310
2013-08-05,406487
2013-08-06,448272
2013-08-07,465702
2013-08-08,437214
2013-08-09,489393
2013-08-10,445096
2013-08-11,195445
2013-08-12,399391
2013-08-13,450106
2013-08-14,458024
2013-08-15,473737
2013-08-16,450037
2013-08-17,438308
2013-08-18,391090
2013-08-19,397566
2013-08-20,432765
2013-08-21,454312
2013-08-22,471540
2013-08-23,464846
2013-08-24,448911
2013-08-25,401135
2013-08-26,394831
2013-08-27,423234
2013-08-28,445266
2013-08-29,456095
2013-08-30,457632
2013-08-31,435400
2013-09-01,385228
2013-09-02,332835
2013-09-03,423109
2013-09-04,454753
2013-09-05,468204
2013-09-06,509666
2013-09-07,512373
2013-09-08,463578
2013-09-09,452146
2013-09-10,484347
2013-09-11,502234
2013-09-12,504847
2013-09-13,524853
2013-09-14,519853
2013-09-15,464110
2013-09-16,446108
2013-09-17,469591
2013-09-18,486310
2013-09-19,505899
2013-09-20,525339
2013-09-21,537751
2013-09-22,459265
2013-09-23,413812
2013-09-24,437164
2013-09-25,464088
2013-09-26,487519
2013-09-27,505361
2013-09-28,529536
2013-09-29,460603
2013-09-30,426858
2013-10-01,455404
2013-10-02,478552
2013-10-03,500264
2013-10-04,524806
2013-10-05,542780
2013-10-06,461194
2013-10-07,429259
2013-10-08,463019
2013-10-09,488625
2013-10-10,511763
2013-10-11,521376
2013-10-12,529445
2013-10-13,467340
2013-10-14,406876
2013-10-15,434102
2013-10-16,481692
2013-10-17,511872
2013-10-18,533065
2013-10-19,556676
2013-10-20,479764
2013-10-21,441059
2013-10-22,472424
2013-10-23,502007
2013-10-24,521497
2013-10-25,539840
2013-10-26,545574
2013-10-27,476019
2013-10-28,438725
2013-10-29,471249
2013-10-30,489569
2013-10-31,498727
2013-11-01,567080
2013-11-02,561801
2013-11-03,492253
2013-11-04,457311
2013-11-05,476507
2013-11-06,493161
2013-11-07,519351
2013-11-08,541071
2013-11-09,557375
2013-11-10,484158
2013-11-11,426842
2013-11-12,484938
2013-11-13,503746
2013-11-14,518659
2013-11-15,528150
2013-11-16,553529
2013-11-17,477213
2013-11-18,436528
2013-11-19,488135
2013-11-20,506756
2013-11-21,511520
2013-11-22,540236
2013-11-23,571036
2013-11-24,512891
2013-11-25,458521
2013-11-26,451991
2013-11-27,462871
2013-11-28,347497
2013-11-29,388986
2013-11-30,449312
2013-12-01,412214
2013-12-02,440971
2013-12-03,478260
2013-12-04,487108
2013-12-05,515261
2013-12-06,551330
2013-12-07,573506
2013-12-08,505276
2013-12-09,466295
2013-12-10,493714
2013-12-11,501979
2013-12-12,526991
2013-12-13,566351
2013-12-14,534387
2013-12-15,475144
2013-12-16,472074
2013-12-17,500262
2013-12-18,509185
2013-12-19,518140
2013-12-20,547153
2013-12-21,504655
2013-12-22,424876
2013-12-23,405247
2013-12-24,393818
2013-12-25,262899
2013-12-26,338491
2013-12-27,402386
2013-12-28,413739
2013-12-29,427941
2013-12-30,425973
2013-12-31,498051
2014-01-01,446418
2014-01-02,379019
2014-01-03,288906
2014-01-04,441196
2014-01-05,409102
2014-01-06,416051
2014-01-07,482771
2014-01-08,496190
2014-01-09,503197
2014-01-10,535285
2014-01-11,540971
2014-01-12,474873
2014-01-13,440551
2014-01-14,476160
2014-01-15,490436
2014-01-16,508040
2014-01-17,521892
2014-01-18,542020
2014-01-19,492502
2014-01-20,399043
2014-01-21,271008
2014-01-22,399507
2014-01-23,492718
2014-01-24,544712
2014-01-25,566816
2014-01-26,486457
2014-01-27,444383
2014-01-28,495992
2014-01-29,507269
2014-01-30,527823
2014-01-31,565036
2014-02-01,574725
2014-02-02,499071
2014-02-03,405648
2014-02-04,484003
2014-02-05,439701
2014-02-06,512539
2014-02-07,552246
2014-02-08,595269
2014-02-09,501367
2014-02-10,465895
2014-02-11,523804
2014-02-12,519606
2014-02-13,347964
2014-02-14,517406
2014-02-15,535566
2014-02-16,495722
2014-02-17,421379
2014-02-18,448118
2014-02-19,477930
2014-02-20,501519
2014-02-21,543722
2014-02-22,570599
2014-02-23,482256
2014-02-24,472437
2014-02-25,506210
2014-02-26,528731
2014-02-27,552809
2014-02-28,592791
2014-03-01,604478
2014-03-02,501513
2014-03-03,499217
2014-03-04,534200
2014-03-05,545578
2014-03-06,571647
2014-03-07,594547
2014-03-08,603242
2014-03-09,514448
2014-03-10,474957
2014-03-11,490359
2014-03-12,521148
2014-03-13,592325
2014-03-14,586191
2014-03-15,601499
2014-03-16,529763
2014-03-17,468383
2014-03-18,504332
2014-03-19,529050
2014-03-20,539561
2014-03-21,562243
2014-03-22,587418
2014-03-23,525276
2014-03-24,478984
2014-03-25,496284
2014-03-26,542580
2014-03-27,549137
2014-03-28,568468
2014-03-29,631435
2014-03-30,505632
2014-03-31,467703
2014-04-01,499015
2014-04-02,521550
2014-04-03,541793
2014-04-04,596302
2014-04-05,600339
2014-04-06,522438
2014-04-07,499885
2014-04-08,502572
2014-04-09,523451
2014-04-10,540669
2014-04-11,554727
2014-04-12,597522
2014-04-13,518047
2014-04-14,453920
2014-04-15,520259
2014-04-16,533822
2014-04-17,550983
2014-04-18,560912
2014-04-19,536617
2014-04-20,475314
2014-04-21,454030
2014-04-22,497431
2014-04-23,541399
2014-04-24,546882
2014-04-25,576365
2014-04-26,600532
2014-04-27,521602
2014-04-28,471070
2014-04-29,523142
2014-04-30,545324
2014-05-01,536872
2014-05-02,571508
2014-05-03,606296
2014-05-04,523946
2014-05-05,498187
2014-05-06,521094
2014-05-07,524170
2014-05-08,551997
2014-05-09,575078
2014-05-10,586223
2014-05-11,505720
2014-05-12,473931
2014-05-13,511057
2014-05-14,507621
2014-05-15,538665
2014-05-16,569519
2014-05-17,564316
2014-05-18,523567
2014-05-19,489399
2014-05-20,509417
2014-05-21,524090
2014-05-22,532914
2014-05-23,548757
2014-05-24,466001
2014-05-25,424375
2014-05-26,372182
2014-05-27,467939
2014-05-28,511743
2014-05-29,531960
2014-05-30,555083
2014-05-31,571917
2014-06-01,483567
2014-06-02,463430
2014-06-03,502121
2014-06-04,523275
2014-06-05,544743
2014-06-06,545207
2014-06-07,563042
2014-06-08,484229
2014-06-09,477095
2014-06-10,500580
2014-06-11,517240
2014-06-12,542990
2014-06-13,548989
2014-06-14,546344
2014-06-15,463814
2014-06-16,459622
2014-06-17,487186
2014-06-18,512689
2014-06-19,530564
2014-06-20,535159
2014-06-21,529476
2014-06-22,478198
2014-06-23,448802
2014-06-24,478211
2014-06-25,509131
2014-06-26,530684
2014-06-27,522337
2014-06-28,528724
2014-06-29,448824
2014-06-30,444515
2014-07-01,483965
2014-07-02,481947
2014-07-03,463557
2014-07-04,351243
2014-07-05,355231
2014-07-06,353947
2014-07-07,412614
2014-07-08,470663
2014-07-09,485124
2014-07-10,495113
2014-07-11,504036
2014-07-12,501536
2014-07-13,456609
2014-07-14,453611
2014-07-15,474932
2014-07-16,485690
2014-07-17,496901
2014-07-18,506442
2014-07-19,497965
2014-07-20,444106
2014-07-21,432201
2014-07-22,482370
2014-07-23,505620
2014-07-24,500444
2014-07-25,505978
2014-07-26,501448
2014-07-27,450201
2014-07-28,397955
2014-07-29,455429
2014-07-30,478402
2014-07-31,495058
2014-08-01,503444
2014-08-02,496786
2014-08-03,445255
2014-08-04,427745
2014-08-05,458275
2014-08-06,477687
2014-08-07,487785
2014-08-08,492850
2014-08-09,476309
2014-08-10,418917
2014-08-11,411343
2014-08-12,449512
2014-08-13,472555
2014-08-14,479168
2014-08-15,491848
2014-08-16,476041
2014-08-17,427375
2014-08-18,410998
2014-08-19,439750
2014-08-20,459156
2014-08-21,482797
2014-08-22,467065
2014-08-23,456152
2014-08-24,410287
2014-08-25,392142
2014-08-26,423527
2014-08-27,453565
2014-08-28,455294
2014-08-29,459171
2014-08-30,430223
2014-08-31,400796
2014-09-01,355106
2014-09-02,445353
2014-09-03,480551
2014-09-04,512908
2014-09-05,547032
2014-09-06,562639
2014-09-07,494608
2014-09-08,467669
2014-09-09,488503
2014-09-10,506383
2014-09-11,521504
2014-09-12,538417
2014-09-13,577752
2014-09-14,502581
2014-09-15,459434
2014-09-16,487309
2014-09-17,490818
2014-09-18,508305
2014-09-19,541005
2014-09-20,552865
2014-09-21,453536
2014-09-22,430831
2014-09-23,439664
2014-09-24,457181
2014-09-25,469742
2014-09-26,498089
2014-09-27,548254
2014-09-28,485704
2014-09-29,438022
2014-09-30,474144
2014-10-01,500642
2014-10-02,512266
2014-10-03,537812
2014-10-04,519721
2014-10-05,463959
2014-10-06,447164
2014-10-07,475876
2014-10-08,497605
2014-10-09,522464
2014-10-10,543689
2014-10-11,569451
2014-10-12,490866
2014-10-13,424594
2014-10-14,469926
2014-10-15,500991
2014-10-16,528453
2014-10-17,548474
2014-10-18,577449
2014-10-19,517438
2014-10-20,454601
2014-10-21,485240
2014-10-22,510565
2014-10-23,520594
2014-10-24,547407
2014-10-25,565052
2014-10-26,494354
2014-10-27,449830
2014-10-28,473902
2014-10-29,497003
2014-10-30,518032
2014-10-31,558333
2014-11-01,638525
2014-11-02,490997
2014-11-03,452685
2014-11-04,462259
2014-11-05,492868
2014-11-06,518493
2014-11-07,545901
2014-11-08,583366
2014-11-09,499747
2014-11-10,446704
2014-11-11,438525
2014-11-12,488051
2014-11-13,516289
2014-11-14,550363
2014-11-15,575872
2014-11-16,497725
2014-11-17,445387
2014-11-18,503519
2014-11-19,506837
2014-11-20,509567
2014-11-21,556183
2014-11-22,586085
2014-11-23,480732
2014-11-24,440072
2014-11-25,453716
2014-11-26,481402
2014-11-27,348154
2014-11-28,394981
2014-11-29,445242
2014-11-30,416128
2014-12-01,443765
2014-12-02,485782
2014-12-03,485872
2014-12-04,509296
2014-12-05,560623
2014-12-06,581402
2014-12-07,520335
2014-12-08,477214
2014-12-09,484750
2014-12-10,496996
2014-12-11,525335
2014-12-12,562186
2014-12-13,574631
2014-12-14,501405
2014-12-15,454122
2014-12-16,487573
2014-12-17,505258
2014-12-18,539163
2014-12-19,576386
2014-12-20,568367
2014-12-21,479377
2014-12-22,428893
2014-12-23,433860
2014-12-24,404611
2014-12-25,247881
2014-12-26,316113
2014-12-27,370657
2014-12-28,366971
2014-12-29,377429
2014-12-30,420876
2014-12-31,472819
2015-01-01,522746
2015-01-02,450538
2015-01-03,542590
2015-01-04,433141
2015-01-05,476440
2015-01-06,506692
2015-01-07,570545
2015-01-08,602689
2015-01-09,602248
2015-01-10,683718
2015-01-11,550705
2015-01-12,524937
2015-01-13,587967
2015-01-14,581608
2015-01-15,599203
2015-01-16,643425
2015-01-17,640406
2015-01-18,579001
2015-01-19,445912
2015-01-20,530059
2015-01-21,563147
2015-01-22,594201
2015-01-23,629974
2015-01-24,622904
2015-01-25,541331
2015-01-26,324924
2015-01-27,184077
2015-01-28,511399
2015-01-29,581021
2015-01-30,663995
2015-01-31,711977
2015-02-01,584709
2015-02-02,475833
2015-02-03,574951
2015-02-04,565640
2015-02-05,631890
2015-02-06,662576
2015-02-07,663242
2015-02-08,556288
2015-02-09,517192
2015-02-10,568240
2015-02-11,603210
2015-02-12,636270
2015-02-13,692584
2015-02-14,707895
2015-02-15,640396
2015-02-16,559532
2015-02-17,539116
2015-02-18,589415
2015-02-19,660525
2015-02-20,701872
2015-02-21,643489
2015-02-22,544932
2015-02-23,591225
2015-02-24,613446
2015-02-25,604940
2015-02-26,648041
2015-02-27,680805
2015-02-28,693498
2015-03-01,535084
2015-03-02,526201
2015-03-03,557432
2015-03-04,594909
2015-03-05,512350
2015-03-06,628937
2015-03-07,692780
2015-03-08,561133
2015-03-09,524100
2015-03-10,571224
2015-03-11,578246
2015-03-12,625935
2015-03-13,656641
2015-03-14,693825
2015-03-15,572869
2015-03-16,506950
2015-03-17,559074
2015-03-18,609735
2015-03-19,616529
2015-03-20,650575
2015-03-21,650695
2015-03-22,590931
2015-03-23,530924
2015-03-24,554572
2015-03-25,584838
2015-03-26,594018
2015-03-27,650055
2015-03-28,711965
2015-03-29,591709
2015-03-30,530950
2015-03-31,590424
2015-04-01,619114
2015-04-02,632006
2015-04-03,633146
2015-04-04,623788
2015-04-05,540009
2015-04-06,523244
2015-04-07,595833
2015-04-08,621623
2015-04-09,646733
2015-04-10,665314
2015-04-11,676965
2015-04-12,581223
2015-04-13,533702
2015-04-14,576199
2015-04-15,600912
2015-04-16,643981
2015-04-17,672206
2015-04-18,719855
2015-04-19,633954
2015-04-20,583147
2015-04-21,597644
2015-04-22,624496
2015-04-23,671429
2015-04-24,702083
2015-04-25,720872
2015-04-26,621701
2015-04-27,559451
2015-04-28,580348
2015-04-29,611130
2015-04-30,641864
2015-05-01,677728
2015-05-02,740441
2015-05-03,626449
2015-05-04,554848
2015-05-05,612197
2015-05-06,633338
2015-05-07,642542
2015-05-08,660590
2015-05-09,686609
2015-05-10,594714
2015-05-11,567941
2015-05-12,606455
2015-05-13,634635
2015-05-14,646634
2015-05-15,678385
2015-05-16,724495
2015-05-17,622459
2015-05-18,581482
2015-05-19,622886
2015-05-20,641067
2015-05-21,655002
2015-05-22,619697
2015-05-23,567942
2015-05-24,500766
2015-05-25,439682
2015-05-26,557324
2015-05-27,609671
2015-05-28,636041
2015-05-29,656152
2015-05-30,672205
2015-05-31,570800
2015-06-01,599790
2015-06-02,622408
2015-06-03,616714
2015-06-04,646668
2015-06-05,668151
2015-06-06,663843
2015-06-07,592429
2015-06-08,564570
2015-06-09,588819
2015-06-10,611987
2015-06-11,649718
2015-06-12,659613
2015-06-13,637991
2015-06-14,573425
2015-06-15,559026
2015-06-16,587398
2015-06-17,621122
2015-06-18,632798
2015-06-19,649372
2015-06-20,621324
2015-06-21,551811
2015-06-22,544018
2015-06-23,600884
2015-06-24,604156
2015-06-25,624786
2015-06-26,633478
2015-06-27,697616
2015-06-28,530508
2015-06-29,521135
2015-06-30,542128
2015-07-01,574893
2015-07-02,546276
2015-07-03,457375
2015-07-04,403964
2015-07-05,426929
2015-07-06,463295
2015-07-07,536945
2015-07-08,575079
2015-07-09,609791
2015-07-10,601017
2015-07-11,619761
2015-07-12,552830
2015-07-13,513738
2015-07-14,569098
2015-07-15,605287
2015-07-16,602486
2015-07-17,564847
2015-07-18,626067
2015-07-19,601085
2015-07-20,560424
2015-07-21,565160
2015-07-22,590041
2015-07-23,612138
2015-07-24,618086
2015-07-25,605260
2015-07-26,541296
2015-07-27,521375
2015-07-28,577566
2015-07-29,613863
2015-07-30,619435
2015-07-31,623510
2015-08-01,638251
2015-08-02,565083
2015-08-03,546535
2015-08-04,589466
2015-08-05,610392
2015-08-06,618796
2015-08-07,624254
2015-08-08,591269
2015-08-09,520771
2015-08-10,506113
2015-08-11,573400
2015-08-12,582879
2015-08-13,605374
2015-08-14,614821
2015-08-15,612387
2015-08-16,550743
2015-08-17,536954
2015-08-18,581568
2015-08-19,601398
2015-08-20,623166
2015-08-21,625094
2015-08-22,602664
2015-08-23,531179
2015-08-24,509801
2015-08-25,547867
2015-08-26,564943
2015-08-27,589177
2015-08-28,602439
2015-08-29,600524
2015-08-30,555004
2015-08-31,523416
2015-09-01,590256
2015-09-02,616107
2015-09-03,643595
2015-09-04,639790
2015-09-05,599498
2015-09-06,549264
2015-09-07,495891
2015-09-08,633840
2015-09-09,681367
2015-09-10,737578
2015-09-11,726095
2015-09-12,768921
2015-09-13,664861
2015-09-14,576319
2015-09-15,625689
2015-09-16,682305
2015-09-17,706652
2015-09-18,745312
2015-09-19,772742
2015-09-20,676097
2015-09-21,603354
2015-09-22,606426
2015-09-23,587690
2015-09-24,569042
2015-09-25,646757
2015-09-26,750453
2015-09-27,654872
2015-09-28,557403
2015-09-29,614979
2015-09-30,651260
2015-10-01,742523
2015-10-02,837589
2015-10-03,767954
2015-10-04,663160
2015-10-05,611599
2015-10-06,654408
2015-10-07,695387
2015-10-08,737469
2015-10-09,768972
2015-10-10,785019
2015-10-11,689995
2015-10-12,578368
2015-10-13,671424
2015-10-14,697162
2015-10-15,739543
2015-10-16,797121
2015-10-17,839726
2015-10-18,735454
2015-10-19,662773
2015-10-20,672584
2015-10-21,697299
2015-10-22,743591
2015-10-23,797081
2015-10-24,814555
2015-10-25,713672
2015-10-26,645047
2015-10-27,682417
2015-10-28,759918
2015-10-29,746850
2015-10-30,819459
2015-10-31,850442
2015-11-01,753227
2015-11-02,635820
2015-11-03,654265
2015-11-04,696700
2015-11-05,747941
2015-11-06,783905
2015-11-07,822308
2015-11-08,721279
2015-11-09,645059
2015-11-10,728165
2015-11-11,675638
2015-11-12,754641
2015-11-13,811245
2015-11-14,850711
2015-11-15,717419
2015-11-16,638256
2015-11-17,700103
2015-11-18,717808
2015-11-19,803355
2015-11-20,807660
2015-11-21,833628
2015-11-22,710068
2015-11-23,685007
2015-11-24,707661
2015-11-25,690609
2015-11-26,527985
2015-11-27,529633
2015-11-28,641096
2015-11-29,620413
2015-11-30,647567
2015-12-01,722171
2015-12-02,722139
2015-12-03,772030
2015-12-04,819541
2015-12-05,842203
2015-12-06,733497
2015-12-07,685127
2015-12-08,713852
2015-12-09,733604
2015-12-10,769695
2015-12-11,823810
2015-12-12,842785
2015-12-13,715657
2015-12-14,700611
2015-12-15,730127
2015-12-16,780503
2015-12-17,841272
2015-12-18,888759
2015-12-19,888529
2015-12-20,735669
2015-12-21,655355
2015-12-22,676893
2015-12-23,683079
2015-12-24,594480
2015-12-25,427918
2015-12-26,471577
2015-12-27,518987
2015-12-28,560686
2015-12-29,577507
2015-12-30,603129
2015-12-31,662661
2016-01-01,696183
2016-01-02,601549
2016-01-03,578264
2016-01-04,619802
2016-01-05,664050
2016-01-06,658231
2016-01-07,680046
2016-01-08,741727
2016-01-09,754194
2016-01-10,679352
2016-01-11,653783
2016-01-12,682535
2016-01-13,745503
2016-01-14,750911
2016-01-15,772560
2016-01-16,780215
2016-01-17,728436
2016-01-18,636613
2016-01-19,746985
2016-01-20,725901
2016-01-21,768074
2016-01-22,831239
2016-01-23,173844
2016-01-24,335095
2016-01-25,597559
2016-01-26,666567
2016-01-27,704508
2016-01-28,745156
2016-01-29,826283
2016-01-30,856789
2016-01-31,706915
2016-02-01,652651
2016-02-02,681522
2016-02-03,740107
2016-02-04,755674
2016-02-05,815799
2016-02-06,833518
2016-02-07,734273
2016-02-08,671208
2016-02-09,701413
2016-02-10,756021
2016-02-11,856825
2016-02-12,887677
2016-02-13,936449
2016-02-14,848574
2016-02-15,681527
2016-02-16,719354
2016-02-17,737977
2016-02-18,794194
2016-02-19,836718
2016-02-20,836678
2016-02-21,729819
2016-02-22,669621
2016-02-23,783878
2016-02-24,808572
2016-02-25,801617
2016-02-26,864844
2016-02-27,863292
2016-02-28,719647
2016-02-29,671292
2016-03-01,705902
2016-03-02,774994
2016-03-03,817945
2016-03-04,859932
2016-03-05,870770
2016-03-06,739582
2016-03-07,668540
2016-03-08,703481
2016-03-09,726759
2016-03-10,771868
2016-03-11,827215
2016-03-12,850693
2016-03-13,705345
2016-03-14,754912
2016-03-15,721402
2016-03-16,757514
2016-03-17,777248
2016-03-18,843840
2016-03-19,853195
2016-03-20,753407
2016-03-21,669976
2016-03-22,702970
2016-03-23,732368
2016-03-24,788609
2016-03-25,777681
2016-03-26,794520
2016-03-27,694610
2016-03-28,678549
2016-03-29,713188
2016-03-30,732881
2016-03-31,742036
2016-04-01,833789
2016-04-02,881469
2016-04-03,779503
2016-04-04,766284
2016-04-05,786766
2016-04-06,787424
2016-04-07,816799
2016-04-08,886935
2016-04-09,933876
2016-04-10,775041
2016-04-11,706251
2016-04-12,764990
2016-04-13,769391
2016-04-14,816238
2016-04-15,870561
2016-04-16,899832
2016-04-17,777197
2016-04-18,697086
2016-04-19,729332
2016-04-20,768817
2016-04-21,776918
2016-04-22,794174
2016-04-23,808695
2016-04-24,715896
2016-04-25,652600
2016-04-26,724174
2016-04-27,730200
2016-04-28,784144
2016-04-29,842959
2016-04-30,843284
2016-05-01,766967
2016-05-02,709710
2016-05-03,803689
2016-05-04,816153
2016-05-05,862763
2016-05-06,941716
2016-05-07,887444
2016-05-08,775823
2016-05-09,694425
2016-05-10,741050
2016-05-11,760189
2016-05-12,808751
2016-05-13,850964
2016-05-14,896413
2016-05-15,817718
2016-05-16,741683
2016-05-17,784145
2016-05-18,777272
2016-05-19,817350
2016-05-20,851932
2016-05-21,902295
2016-05-22,747225
2016-05-23,695271
2016-05-24,747123
2016-05-25,775035
2016-05-26,794757
2016-05-27,783871
2016-05-28,741023
2016-05-29,663858
2016-05-30,572386
2016-05-31,697399
2016-06-01,747856
2016-06-02,804789
2016-06-03,850649
2016-06-04,883161
2016-06-05,746263
2016-06-06,727525
2016-06-07,771853
2016-06-08,825632
2016-06-09,820916
2016-06-10,847868
2016-06-11,844285
2016-06-12,714474
2016-06-13,689295
2016-06-14,738173
2016-06-15,783870
2016-06-16,828973
2016-06-17,832275
2016-06-18,817907
2016-06-19,719837
2016-06-20,694464
2016-06-21,747474
2016-06-22,775958
2016-06-23,815260
2016-06-24,836323
2016-06-25,850440
2016-06-26,732184
2016-06-27,741770
2016-06-28,731504
2016-06-29,740245
2016-06-30,749229
2016-07-01,749519
2016-07-02,639089
2016-07-03,577127
2016-07-04,529692
2016-07-05,638323
2016-07-06,661569
2016-07-07,740417
2016-07-08,769849
2016-07-09,760398
2016-07-10,674715
2016-07-11,650146
2016-07-12,706296
2016-07-13,773331
2016-07-14,798019
2016-07-15,823121
2016-07-16,805076
2016-07-17,722601
2016-07-18,709522
2016-07-19,719714
2016-07-20,750275
2016-07-21,782200
2016-07-22,838706
2016-07-23,822601
2016-07-24,723240
2016-07-25,718210
2016-07-26,740560
2016-07-27,764846
2016-07-28,797222
2016-07-29,826571
2016-07-30,825955
2016-07-31,705573
2016-08-01,670240
2016-08-02,704454
2016-08-03,725754
2016-08-04,759606
2016-08-05,776989
2016-08-06,767253
2016-08-07,678767
2016-08-08,638012
2016-08-09,700219
2016-08-10,743306
2016-08-11,800581
2016-08-12,831939
2016-08-13,820355
2016-08-14,697948
2016-08-15,678540
2016-08-16,729306
2016-08-17,735285
2016-08-18,759916
2016-08-19,786872
2016-08-20,765052
2016-08-21,702081
2016-08-22,633464
2016-08-23,671336
2016-08-24,706483
2016-08-25,743950
2016-08-26,769095
2016-08-27,768498
2016-08-28,696336
2016-08-29,649847
2016-08-30,670094
2016-08-31,714065
2016-09-01,748468
2016-09-02,725511
2016-09-03,692594
2016-09-04,642679
2016-09-05,569379
2016-09-06,708811
2016-09-07,757430
2016-09-08,819565
2016-09-09,880218
2016-09-10,917026
2016-09-11,775110
2016-09-12,678502
2016-09-13,741225
2016-09-14,781668
2016-09-15,807246
2016-09-16,854383
2016-09-17,879955
2016-09-18,771624
2016-09-19,674349
2016-09-20,706181
2016-09-21,719973
2016-09-22,775548
2016-09-23,830802
2016-09-24,892476
2016-09-25,770588
2016-09-26,697314
2016-09-27,743760
2016-09-28,789406
2016-09-29,818291
2016-09-30,897736
2016-10-01,856287
2016-10-02,748678
2016-10-03,633674
2016-10-04,686438
2016-10-05,770916
2016-10-06,818005
2016-10-07,834077
2016-10-08,902567
2016-10-09,792446
2016-10-10,645718
2016-10-11,695387
2016-10-12,676413
2016-10-13,810670
2016-10-14,866206
2016-10-15,898123
2016-10-16,781165
2016-10-17,690070
2016-10-18,732482
2016-10-19,781293
2016-10-20,822002
2016-10-21,910334
2016-10-22,965836
2016-10-23,800549
2016-10-24,713794
2016-10-25,788865
2016-10-26,818795
2016-10-27,901132
2016-10-28,928604
2016-10-29,971880
2016-10-30,864083
2016-10-31,720300
2016-11-01,779565
2016-11-02,770862
2016-11-03,848114
2016-11-04,883485
2016-11-05,924081
2016-11-06,772871
2016-11-07,727319
2016-11-08,715230
2016-11-09,807273
2016-11-10,816663
2016-11-11,864641
2016-11-12,922190
2016-11-13,799462
2016-11-14,708417
2016-11-15,804188
2016-11-16,772812
2016-11-17,814893
2016-11-18,861307
2016-11-19,922072
2016-11-20,833766
2016-11-21,777321
2016-11-22,814436
2016-11-23,796171
2016-11-24,623717
2016-11-25,620415
2016-11-26,723598
2016-11-27,690468
2016-11-28,701501
2016-11-29,821741
2016-11-30,828398
2016-12-01,856979
2016-12-02,936507
2016-12-03,985156
2016-12-04,844265
2016-12-05,776754
2016-12-06,856638
2016-12-07,842788
2016-12-08,902024
2016-12-09,997552
2016-12-10,1036775
2016-12-11,861206
2016-12-12,784400
2016-12-13,814566
2016-12-14,874894
2016-12-15,1006670
2016-12-16,1051070
2016-12-17,992530
2016-12-18,859095
2016-12-19,815225
2016-12-20,827151
2016-12-21,821850
2016-12-22,813448
2016-12-23,778621
2016-12-24,685699
2016-12-25,504430
2016-12-26,514092
2016-12-27,593565
2016-12-28,657948
2016-12-29,714344
2016-12-30,770232
2016-12-31,808513
2017-01-01,777420
2017-01-02,574367
2017-01-03,693957
2017-01-04,692373
2017-01-05,770044
2017-01-06,842106
2017-01-07,799381
2017-01-08,762172
2017-01-09,764274
2017-01-10,746793
2017-01-11,767592
2017-01-12,784982
2017-01-13,862687
2017-01-14,907527
2017-01-15,796636
2017-01-16,651636
2017-01-17,813273
2017-01-18,776987
2017-01-19,802033
2017-01-20,870474
2017-01-21,841440
2017-01-22,758089
2017-01-23,792390
2017-01-24,830720
2017-01-25,789324
2017-01-26,836020
2017-01-27,909798
2017-01-28,948338
2017-01-29,789713
2017-01-30,716962
2017-01-31,768089
2017-02-01,783961
2017-02-02,845968
2017-02-03,946387
2017-02-04,967628
2017-02-05,846933
2017-02-06,737851
2017-02-07,808536
2017-02-08,818327
2017-02-09,566115
2017-02-10,960965
2017-02-11,996618
2017-02-12,886494
2017-02-13,803419
2017-02-14,885123
2017-02-15,859065
2017-02-16,879754
2017-02-17,915892
2017-02-18,883801
2017-02-19,801071
2017-02-20,677724
2017-02-21,728285
2017-02-22,767809
2017-02-23,827006
2017-02-24,893441
2017-02-25,984644
2017-02-26,847959
2017-02-27,771301
2017-02-28,784961
2017-03-01,841912
2017-03-02,924196
2017-03-03,1012260
2017-03-04,1095884
2017-03-05,891919
2017-03-06,788764
2017-03-07,828996
2017-03-08,841730
2017-03-09,900271
2017-03-10,1010011
2017-03-11,1082071
2017-03-12,907021
2017-03-13,877307
2017-03-14,330189
2017-03-15,834650
2017-03-16,883151
2017-03-17,899957
2017-03-18,1018897
2017-03-19,819936
2017-03-20,742071
2017-03-21,764432
2017-03-22,881417
2017-03-23,883987
2017-03-24,910102
2017-03-25,956837
2017-03-26,836946
2017-03-27,752075
2017-03-28,859100
2017-03-29,821673
2017-03-30,884864
2017-03-31,1073679
2017-04-01,921825
2017-04-02,715280
2017-04-03,773293
2017-04-04,841883
2017-04-05,860683
2017-04-06,959095
2017-04-07,989986
2017-04-08,988150
2017-04-09,853559
2017-04-10,729352
2017-04-11,765836
2017-04-12,797204
2017-04-13,846372
2017-04-14,858020
2017-04-15,868045
2017-04-16,787126
2017-04-17,708052
2017-04-18,785096
2017-04-19,867584
2017-04-20,907028
2017-04-21,989939
2017-04-22,974983
2017-04-23,853865
2017-04-24,784602
2017-04-25,926146
2017-04-26,864556
2017-04-27,891021
2017-04-28,942491
2017-04-29,995458
2017-04-30,846282
2017-05-01,761279
2017-05-02,813251
2017-05-03,847130
2017-05-04,889884
2017-05-05,1021506
2017-05-06,1008215
2017-05-07,855191
2017-05-08,773781
2017-05-09,819361
2017-05-10,846053
2017-05-11,879134
2017-05-12,924734
2017-05-13,1098385
2017-05-14,823070
2017-05-15,785402
2017-05-16,833317
2017-05-17,885438
2017-05-18,917842
2017-05-19,960862
2017-05-20,990326
2017-05-21,844026
2017-05-22,835754
2017-05-23,811425
2017-05-24,844639
2017-05-25,935868
2017-05-26,835338
2017-05-27,789238
2017-05-28,723541
2017-05-29,625554
2017-05-30,764027
2017-05-31,815404
2017-06-01,842072
2017-06-02,900511
2017-06-03,938810
2017-06-04,823004
2017-06-05,787471
2017-06-06,867045
2017-06-07,867603
2017-06-08,917357
2017-06-09,930777
2017-06-10,974312
2017-06-11,836374
2017-06-12,810587
2017-06-13,861787
2017-06-14,886597
2017-06-15,900727
2017-06-16,930825
2017-06-17,948632
2017-06-18,809500
2017-06-19,839171
2017-06-20,824589
2017-06-21,864521
2017-06-22,874324
2017-06-23,951360
2017-06-24,947835
2017-06-25,757222
2017-06-26,748910
2017-06-27,830650
2017-06-28,825631
2017-06-29,834248
2017-06-30,863162
2017-07-01,799868
2017-07-02,684197
2017-07-03,624126
2017-07-04,608587
2017-07-05,707767
2017-07-06,748456
2017-07-07,863504
2017-07-08,838080
2017-07-09,761438
2017-07-10,743013
2017-07-11,799705
2017-07-12,854554
2017-07-13,897767
2017-07-14,922309
2017-07-15,896169
2017-07-16,816860
2017-07-17,772936
2017-07-18,824639
2017-07-19,877207
2017-07-20,912964
2017-07-21,925478
2017-07-22,928904
2017-07-23,788369
2017-07-24,784547
2017-07-25,777913
2017-07-26,819944
2017-07-27,868555
2017-07-28,895286
2017-07-29,884716
2017-07-30,802615
2017-07-31,745468
2017-08-01,788075
2017-08-02,847652
2017-08-03,870384
2017-08-04,897449
2017-08-05,862974
2017-08-06,771010
2017-08-07,803362
2017-08-08,766532
2017-08-09,806573
2017-08-10,849186
2017-08-11,865817
2017-08-12,853349
2017-08-13,759518
2017-08-14,711088
2017-08-15,785307
2017-08-16,800499
2017-08-17,830372
2017-08-18,904368
2017-08-19,879809
2017-08-20,790591
2017-08-21,727444
2017-08-22,799144
2017-08-23,810530
2017-08-24,817575
2017-08-25,842911
2017-08-26,867862
2017-08-27,793075
2017-08-28,696794
2017-08-29,816670
2017-08-30,770423
2017-08-31,809112
2017-09-01,836122
2017-09-02,867552
2017-09-03,742396
2017-09-04,679810
2017-09-05,788856
2017-09-06,911394
2017-09-07,907370
2017-09-08,980782
2017-09-09,1013694
2017-09-10,902174
2017-09-11,815668
2017-09-12,864714
2017-09-13,900942
2017-09-14,948328
2017-09-15,979371
2017-09-16,1019615
2017-09-17,899523
2017-09-18,764779
2017-09-19,813791
2017-09-20,805894
2017-09-21,800345
2017-09-22,904401
2017-09-23,1011546
2017-09-24,882280
2017-09-25,805233
2017-09-26,825332
2017-09-27,894695
2017-09-28,918821
2017-09-29,961850
2017-09-30,1002116
2017-10-01,860313
2017-10-02,773289
2017-10-03,819554
2017-10-04,858918
2017-10-05,917086
2017-10-06,973004
2017-10-07,1029644
2017-10-08,907705
2017-10-09,774536
2017-10-10,850502
2017-10-11,882039
2017-10-12,932862
2017-10-13,983986
2017-10-14,1052324
2017-10-15,909284
2017-10-16,853595
2017-10-17,869507
2017-10-18,894423
2017-10-19,926982
2017-10-20,994977
2017-10-21,1037821
2017-10-22,897307
2017-10-23,817977
2017-10-24,892974
2017-10-25,906097
2017-10-26,986200
2017-10-27,1046741
2017-10-28,1127505
2017-10-29,1088693
2017-10-30,861471
2017-10-31,857835
2017-11-01,921290
2017-11-02,939365
2017-11-03,1036329
2017-11-04,1096401
2017-11-05,909476
2017-11-06,852997
2017-11-07,984277
2017-11-08,930976
2017-11-09,976795
2017-11-10,1125003
2017-11-11,1098430
2017-11-12,953912
2017-11-13,892570
2017-11-14,911851
2017-11-15,950697
2017-11-16,1019475
2017-11-17,1082553
2017-11-18,1140869
2017-11-19,973223
2017-11-20,878674
2017-11-21,890981
2017-11-22,944703
2017-11-23,755690
2017-11-24,731053
2017-11-25,830074
2017-11-26,812950
2017-11-27,827026
2017-11-28,865355
2017-11-29,895090
2017-11-30,979443
2017-12-01,1070430
2017-12-02,1124616
2017-12-03,964767
2017-12-04,881130
2017-12-05,986130
2017-12-06,996343
2017-12-07,1044405
2017-12-08,1127018
2017-12-09,1218750
2017-12-10,983776
2017-12-11,928303
2017-12-12,966868
2017-12-13,1080100
2017-12-14,1100690
2017-12-15,1181241
2017-12-16,1202573
2017-12-17,1021371
2017-12-18,906689
2017-12-19,942809
2017-12-20,1004130
2017-12-21,1020921
2017-12-22,994275
2017-12-23,905486
2017-12-24,780428
2017-12-25,614557
2017-12-26,712552
2017-12-27,813839
2017-12-28,913714
2017-12-29,969605
2017-12-30,912490
2017-12-31,1016037
2018-01-01,93
2018-01-02,4
2018-01-03,1
2018-01-04,4
2018-01-05,6
2018-01-06,3
2018-01-07,1
2018-01-08,2
2018-01-09,4
2018-01-11,3
2018-01-12,1
2018-01-13,2
2018-01-14,3
2018-01-15,2
2018-01-17,3
2018-01-19,3
2018-01-20,6
2018-01-21,1
2018-01-24,1
2018-01-25,1
2018-01-26,1
2018-01-30,1
2018-02-01,2
2018-02-04,1
2018-02-07,2
2018-02-09,1
2018-02-11,2
2018-02-15,2
2018-02-22,1
2018-02-25,3
2018-03-01,2
2018-03-09,1
2018-03-19,2
2018-03-26,2
2018-04-09,5
2018-04-30,4
2018-05-22,4
2041-11-15,1
2053-03-21,1
